Box,SKU_Box,Producto,SKU,Peso
Value Box,P0001,Bistec / Milanesa,20004,1.25
Value Box,P0001,Cocer,30005,1.2
Value Box,P0001,Guisar ,30008,1.2
Value Box,P0001,Asar ,20002,1.2
Value Box,P0001,Costilla,40006,2
Value Box,P0001,Hueso Mixto,40013,2
Value Box,P0001,Molida 80/20  ,30011,2
Value Box,P0001,Pollo,50002,5
Premium Box,P0002,Lomito Porcionado,10003,1.25
Premium Box,P0002,Rib Eye c/hueso,10008,1.25
Premium Box,P0002,Manita de rochoy,10010,1.2
Premium Box,P0002,Bolovique,10001,1.25
Premium Box,P0002,Costilla,40006,2
Premium Box,P0002,Hueso Mixto,40013,2
Premium Box,P0002,Molida Magra,10005,2
Premium Box,P0002,Pollo,50002,5
,,,,
,,,,
,,,,
,,,,
,,,,
,,,,
,,,,
,,,,
,,,,
,,,,
,,,,
,,,,
,,,,
,,,,
,,,,
,,,,
,,,,
,,,,
,,,,
,,,,
,,,,
,,,,
,,,,
,,,,
,,,,
,,,,
,,,,
,,,,
,,,,
,,,,
,,,,
,,,,
,,,,
,,,,
,,,,
,,,,
,,,,
,,,,
,,,,
,,,,
,,,,
,,,,
,,,,
,,,,
,,,,
,,,,
,,,,
,,,,
,,,,
,,,,
,,,,
,,,,
,,,,
,,,,
,,,,
,,,,
,,,,
,,,,
,,,,
,,,,
,,,,
,,,,
,,,,
,,,,
,,,,
,,,,
,,,,
,,,,
,,,,
,,,,
,,,,
,,,,
,,,,
,,,,
